Total price: ,Total price: ,module,Bss_ConfigurableMatrixView
Reset All,Reset All,module,Bss_ConfigurableMatrixView
Qty,Qty,module,Bss_ConfigurableMatrixView
In Stock,In Stock,module,Bss_ConfigurableMatrixView
Out of stock,Out of stock,module,Bss_ConfigurableMatrixView
From:,From:,module,Bss_ConfigurableMatrixView
To:,To:,module,Bss_ConfigurableMatrixView
Excl. Tax,Excl. Tax,module,Bss_ConfigurableMatrixView
Add to Cart,Add to Cart,module,Bss_ConfigurableMatrixView
Adding...,Adding...,module,Bss_ConfigurableMatrixView
Added,Added,module,Bss_ConfigurableMatrixView
Please enter quantity !,Please enter quantity !,module,Bss_ConfigurableMatrixView